{"cameraMode":{"drawMode":0,"name":"Shaded","section":"Shading Mode"},"sceneLighting":true,"audioPlay":false,"sceneViewState":{"showFog":true,"showMaterialUpdate":true,"showSkybox":true,"showFlares":true,"showImageEffects":true,"showParticleSystems":true},"in2DMode":false,"pivot":{"x":-22.78887939453125,"y":36.518394470214847,"z":-24.494312286376954},"rotation":{"x":0.04761556535959244,"y":-0.7500427961349487,"z":0.05432384833693504,"w":0.6574325561523438},"size":242.06744384765626,"orthographic":false}